name,language,watches,stars,forks,commits,branches,contributor,releases
agentSchool,JavaScript,0,0,1,11,2,1,0
RoboRescue2018public,None,0,0,1,4,3,,0
summerSign,PHP,1,1,0,12,1,,0
csu-help,JavaScript,0,0,2,10,1,,0
tw_recruitment,PHP,0,0,0,11,1,2,0
JavaTrain,Java,0,2,0,9,2,,0
csu-help-server,Java,0,0,2,22,1,,0
java_train,Java,1,0,0,5,1,,0
name,language,watches,stars,forks,commits,branches,contributor,releases
agentSchool,JavaScript,0,0,1,11,2,1,0
RoboRescue2018public,None,0,0,1,4,3,,0
csu-help,JavaScript,0,0,2,10,1,,0
java_train,Java,1,0,0,5,1,,0
csu-help-server,Java,0,0,2,22,1,,0
summerSign,PHP,1,1,0,12,1,,0
JavaTrain,Java,0,2,0,9,2,,0
tw_recruitment,PHP,0,0,0,11,1,2,0
name,language,watches,stars,forks,commits,branches,contributor,releases
RoboRescue2018public,None,0,0,1,4,3,,0
java_train,Java,1,0,0,5,1,,0
csu-help-server,Java,0,0,2,22,1,,0
tw_recruitment,PHP,0,0,0,11,1,2,0
JavaTrain,Java,0,2,0,9,2,,0
agentSchool,JavaScript,0,0,1,11,2,1,0
csu-help,JavaScript,0,0,2,10,1,,0
summerSign,PHP,1,1,0,12,1,,0
name,language,watches,stars,forks,commits,branches,contributor,releases
RoboRescue2018public,None,0,0,1,4,3,,0
java_train,Java,1,0,0,5,1,,0
tw_recruitment,PHP,0,0,0,11,1,2,0
csu-help-server,Java,0,0,2,22,1,,0
JavaTrain,Java,0,2,0,9,2,,0
csu-help,JavaScript,0,0,2,10,1,,0
summerSign,PHP,1,1,0,12,1,,0
agentSchool,JavaScript,0,0,1,11,2,1,0
name,language,watches,stars,forks,commits,branches,contributor,releases
agentSchool,JavaScript,0,0,1,11,2,1,0
java_train,Java,1,0,0,5,1,,0
tw_recruitment,PHP,0,0,0,11,1,2,0
summerSign,PHP,1,1,0,12,1,,0
csu-help-server,Java,0,0,2,22,1,,0
csu-help,JavaScript,0,0,2,10,1,,0
RoboRescue2018public,None,0,0,1,4,3,,0
JavaTrain,Java,0,2,0,9,2,,0
name,language,watches,stars,forks,commits,branches,contributor,releases
java_train,Java,1,0,0,5,1,,0
tw_recruitment,PHP,0,0,0,11,1,2,0
csu-help-server,Java,0,0,2,22,1,,0
agentSchool,JavaScript,0,0,1,11,2,1,0
RoboRescue2018public,None,0,0,1,4,3,,0
JavaTrain,Java,0,2,0,9,2,,0
csu-help,JavaScript,0,0,2,10,1,,0
summerSign,PHP,1,1,0,12,1,,0
name,language,watches,stars,forks,commits,branches,contributor,releases
tw_recruitment,PHP,0,0,0,11,1,2,0
summerSign,PHP,1,1,0,12,1,,0
csu-help-server,Java,0,0,2,22,1,,0
agentSchool,JavaScript,0,0,1,11,2,1,0
RoboRescue2018public,None,0,0,1,4,3,,0
csu-help,JavaScript,0,0,2,10,1,,0
java_train,Java,1,0,0,5,1,,0
